Owner;Author's Last Name;Author's Name;Series;Order;Genre;Title;ISBN;Language;Type;Authors (other);Notes;Publisher;Ano;Original Language;Edição;;;;;;;;;;;;
Sérgio Lopes;Abercrombie;Joe;A Era da Loucura;1;;Um Pouco de Ódio;_9789895626281;Portuguese;Paperback;;;Kathartika;2024;English;;;;;;;;;;;;;
Sérgio Lopes;Abercrombie;Joe;A Era da Loucura;2;;O Problema da Paz;_9789895626489;Portuguese;Paperback;;;Kathartika;2025;English;;;;;;;;;;;;;
Sérgio Lopes;Ackerman;Elliot;;;;2034;_9781405966429;English;Paperback;Starvridis, (Admiral) James;;Penguin Random House;2021;;;;;;;;;;;;;;
Sérgio Lopes;Adams;Scott;;;Comics;Liberdade é só mais uma palavra para as pessoas descobrirem que és incompetente;_9789892315997;Portuguese;Paperback;;;;;;;;;;;;;;;;;;
Sérgio Lopes;Alderman;Naomi;;;;O Futuro;_9789895771592;Portuguese;Paperback;;;Cultura;2023;English;;;;;;;;;;;;;
Sérgio Lopes;Alves;Sabastião;;;;A Bússola e o Labirinto;_9789895772230;Portuguese;Paperback;;;;;;;;;;;;;;;;;;
Sérgio Lopes;Amado;Jorge;;;;O Gato Malhado e a Andorinha Sinhá: Uma História de Amor;_9721009512;Portuguese;Paperback;;;;;;6;;;;;;;;;;;;
Sérgio Lopes;Andersen;Sophia de Mello Breyner;;;;Histórias da Terra e do Mar;_9724701131;Portuguese;Paperback;;;;;;;;;;;;;;;;;;
Sérgio Lopes;Anderson;Kevin J.;The Saga of the Shadows;1;;The Dark Between the Stars;_9781840836784;English;Paperback;;;;;;;;;;;;;;;;;;
Sérgio Lopes;Andersson;Pedro;;;;Começa Já;_9789896664725;Portuguese;Paperback;;;Contraponto;2024;;;;;;;;;;;;;;
Sérgio Lopes;Angel;Lucy;;;;Oceânia;_9789897735431;Portuguese;Paperback;;;Saída de Emergência;2024;;1;;;;;;;;;;;;
Sérgio Lopes;Antunes;Mário;;;Tech, Non fiction;Introdução à Cibersegurança;_9789727229246;Portuguese;Paperback;Rodrigues, Baltazar;;FCA;2022;;2;;;;;;;;;;;;
Sérgio Lopes;Ashton;Edward;;;;Mickey 7;_9789892360300;Portuguese;Paperback;;;ASA II;2022;English;;;;;;;;;;;;;
Sérgio Lopes;Asimov;Isaac;Foundation;0;Sci-fi;Prelude to Foundation;_9780586071113;English;Paperback;;;;;;;;;;;;;;;;;;
Sérgio Lopes;Asimov;Isaac;Foundation;1;Sci-fi;Foundation;_9780586010808;English;Paperback;;;;;;;;;;;;;;;;;;
Sérgio Lopes;Asimov;Isaac;Foundation;2;Sci-fi;Foundation and Empire;_9780586013557;English;Paperback;;;;;;;;;;;;;;;;;;
Sérgio Lopes;Asimov;Isaac;Foundation;3;Sci-fi;Second Foundation;_9780586017135;English;Paperback;;;;;;;;;;;;;;;;;;
Sérgio Lopes;Asimov;Isaac;Foundation;4;Sci-fi;Foundation's Edge;_9780586058398;English;Paperback;;;;;;;;;;;;;;;;;;
Sérgio Lopes;Asimov;Isaac;Foundation;5;Sci-fi;Foundation & Earth;_9780586071106;English;Paperback;;;;;;;;;;;;;;;;;;
Sérgio Lopes;Asimov;Isaac;;;Sci-fi;The Gods Themselves;_9780575129054;English;Paperback;;SF Masterworks;Orion Publishing Group;2013;;;;;;;;;;;;;;
Sérgio Lopes;Bara;Dave;The Lightship Chronicles;1;Sci-fi;Impulse;_9780756410667;English;Paperback;;;;;;;;;;;;;;;;;;
Sérgio Lopes;Bara;Dave;The Lightship Chronicles;2;Sci-fi;Starbound;_9781473616110;English;Paperback;;;;;;;;;;;;;;;;;;
Sérgio Lopes;Bara;Dave;The Lightship Chronicles;3;Sci-fi;Defiant;_9780756409982;English;Hardcover;;;Daw Books;2017;;;;;;;;;;;;;;
Sérgio Lopes;Bardugo;Leigh;;;;Shadow and Bone;_9789892324852;Portuguese;Paperback;;;ASA II;2022;;;;;;;;;;;;;;
Sérgio Lopes;Bardugo;Leigh;;;;Mulher-Maravilha, Dama da Guerra;_9789898869265;Portuguese;Paperback;;;;;;;;;;;;;;;;;;
Sérgio Lopes;Barnes;J. S.;;;;The City of Dr. Moreau;_9781789095821;English;Paperback;;;;;;;;;;;;;;;;;;
Sérgio Lopes;Baxter;Sephen;;;Sci-fi;Ultima;_9780575116894;English;Paperback;;;;;;;;;;;;;;;;;;
Sérgio Lopes;Bennett;Caroline;;;;500 Sushi, The only sushi compendium you'll ever need;_9781845434779;English;Hardcover;;;;;;;;;;;;;;;;;;
Sérgio Lopes;Bernhard;Manuel;;;;Reactive Web Applications;_9781633430099;English;Paperback;;;;;;;;;;;;;;;;;;
Miguel Grilo;Berrios;Frank;;;Children's Books;Patrulha Pata, o Superfilme;_9789897848889;Portuguese;Hardcover;MJ Illustrations;;Penguin Random House;2023;English;;;;;;;;;;;;;
Sérgio Lopes;Blake;Kendare;;;;Dois Reinos Negros;_9789720033055;Portuguese;Paperback;;;;;;;;;;;;;;;;;;
Sérgio Lopes;Bkake;Oliver;;1;;The Atlas Six;_9781529095258;English;Paperback;;;TOR;2022;;;;;;;;;;;;;;
Sérgio Lopes;Blanton;Bob;Delphi in Space;1;Sci-fi;Starship Sakira;_9781705853412;English;Paperback;;;Delphi Publishing;2019;;;;;;;;;;;;;;
Sérgio Lopes;Blanton;Bob;Delphi in Space;2;Sci-fi;Delphi City;_9781705853788;English;Paperback;;;Delphi Publishing;2019;;;;;;;;;;;;;;
Sérgio Lopes;Blanton;Bob;Delphi in Space;3;Sci-fi;Delphi Station;_9781705854457;English;Paperback;;;Delphi Publishing;2019;;;;;;;;;;;;;;
Sérgio Lopes;Blanton;Bob;Delphi in Space;4;Sci-fi;Delphi Nation;_9781711187174;English;Paperback;;;Delphi Publishing;2019;;;;;;;;;;;;;;
Sérgio Lopes;Blanton;Bob;Delphi in Space;5;Sci-fi;Delphi Alliance;_9798600933385;English;Paperback;;;Delphi Publishing;2020;;;;;;;;;;;;;;
Sérgio Lopes;Blanton;Bob;Delphi in Space;6;Sci-fi;Delphi Federation;_9788624691452;English;Paperback;;;Delphi Publishing;2020;;;;;;;;;;;;;;
Sérgio Lopes;Blanton;Bob;Delphi in Space;7;Sci-fi;Delphi Exploration;_9798664197433;English;Paperback;;;Delphi Publishing;2020;;;;;;;;;;;;;;
Sérgio Lopes;Blanton;Bob;Delphi in Space;8;Sci-fi;Delphi Colony;_9798687324915;English;Paperback;;;Delphi Publishing;2020;;;;;;;;;;;;;;
Sérgio Lopes;Blanton;Bob;Delphi in Space;9;Sci-fi;Delphi Challenge;_9788591118457;English;Paperback;;;Delphi Publishing;2019;;;;;;;;;;;;;;
Sérgio Lopes;Blanton;Bob;Delphi in Space;10;Sci-fi;Delphi League;_9798729330539;English;Paperback;;;Delphi Publishing;2019;;;;;;;;;;;;;;
Sérgio Lopes;Blanton;Bob;Delphi in Space;11;Sci-fi;Delphi Embassy;_9798525145900;English;Paperback;;;Delphi Publishing;2019;;;;;;;;;;;;;;
Sérgio Lopes;Blanton;Bob;Delphi in Space;12;Sci-fi;Delphi Diversion;_9798483941644;English;Paperback;;;Delphi Publishing;2020;;;;;;;;;;;;;;
Sérgio Lopes;Blanton;Bob;Delphi in Space;13;Sci-fi;Delphi Forge;_9798787388732;English;Paperback;;;Delphi Publishing;2019;;;;;;;;;;;;;;
Sérgio Lopes;Blanton;Bob;Delphi in Space;14;Sci-fi;Delphi Envoy;_9798802557440;English;Paperback;;;Delphi Publishing;2022;;;;;;;;;;;;;;
Sérgio Lopes;Blanton;Bob;Delphi in Space;15;Sci-fi;Delphi Diplomacy;_9798841626220;English;Paperback;;;Delphi Publishing;2022;;;;;;;;;;;;;;
Sérgio Lopes;Blanton;Bob;Delphi in Space;16;Sci-fi;Delphi Castways;_9798373094016;English;Paperback;;;Delphi Publishing;2022;;;;;;;;;;;;;;
Sérgio Lopes;Blanton;Bob;Delphi in Space;17;Sci-fi;Delphi Mediation;_9798850054847;English;Paperback;;;Delphi Publishing;2023;;;;;;;;;;;;;;
Sérgio Lopes;Blanton;Bob;Delphi in Space;18;Sci-fi;Delphi Crossroads;_9798335108676;English;Paperback;;;Delphi Publishing;2024;;;;;;;;;;;;;;
Sérgio Lopes;Blaylock;James P.;A Tale of Langdon St. Ives;;Steampuck;The Aylesford Skull;_9780857689795;English;Paperback;;;;;;;;;;;;;;;;;;
Sérgio Lopes;Blyton;Enid;;;;Os Cinco e a Ciganita;;Portuguese;Paperback;;;;;;;;;;;;;;;;;;
Sérgio Lopes;Blyton;Enid;;;;Os Cinco no Lago Negro;;Portuguese;Paperback;;;;;;;;;;;;;;;;;;
Sérgio Lopes;Blyton;Enid;;;;Os Cinco na Casa em Ruínas;;Portuguese;Paperback;;;;;;;;;;;;;;;;;;
Sérgio Lopes;Blyton;Enid;;;;Os Cinco e a Torre do Sábio;_9789897415210;Portuguese;Paperback;;;;;;;;;;;;;;;;;;
Sérgio Lopes;Blyton;Enid;;;;Os Cinco na Torre do Farol;;Portuguese;Paperback;;;;;;;;;;;;;;;;;;
Sérgio Lopes;Blyton;Enid;;;;Os Cinco Na Ilha dos Murmúrios;;Portuguese;Paperback;;;;;;;;;;;;;;;;;;
Sérgio Lopes;Blyton;Enid;;;;Os Cinco Voltam à Ilha;;Portuguese;Paperback;;;;;;;;;;;;;;;;;;
Miguel Grilo;Bonilla;Rocio;;;;A Montanha de Livros Mais Alta do Mundo;_9789898895196;Portuguese;Hardcover;;Ler+ Plano Nacional e Leitura;Jacarandá;2024;Spanish;;;;;;;;;;;;;
Sérgio Lopes;Bowden;Oliver;Assassin's Creed;;;Irmandade;_9789896373405;Portuguese;Paperback;;;;;;;;;;;;;;;;;;
Sérgio Lopes;Bowden;Oliver;Assassin's Creed;;;Cruzada Secreta;_9789896373832;Portuguese;Paperback;;;;;;;;;;;;;;;;;;
Sérgio Lopes;Bowden;Oliver;Assassin's Creed;;;Bandeira Negra;_9789896376703;Portuguese;Paperback;;;;;;;;;;;;;;;;;;
Sérgio Lopes;Bowden;Oliver;Assassin's Creed;;;Revelações;_9789896374310;Portuguese;Paperback;;;;;;;;;;;;;;;;;;
Sérgio Lopes;Bowden;Oliver;Assassin's Creed;;;Renascença;_9789896372309;Portuguese;Paperback;;;;;;;;;;;;;;;;;;
Sérgio Lopes;Brennan;Herbie;A Guerra das Fadas;4;;O Destino das Fadas;_9789892310787;Portuguese;Paperback;;;;;;;;;;;;;;;;;;
Sérgio Lopes;Brennan;Herbie;A Guerra das Fadas;3;;O Senhor do Reino;_9789892306384;Portuguese;Paperback;;;;;;;;;;;;;;;;;;
Sérgio Lopes;Brennan;Herbie;A Guerra das Fadas;2;;O Imperador Púrpura;_9789892302607;Portuguese;Paperback;;;;;;;;;;;;;;;;;;
Sérgio Lopes;Brennan;Herbie;A Guerra das Fadas;1;;A Guerra das Fadas;_9789724152912;Portuguese;Paperback;;;;;;;;;;;;;;;;;;
Sérgio Lopes;Brett;Petter V.;Ciclo dos Demónios;1;;O Homem Pintado;_9789895576677;Portuguese;Paperback;;;;;;;;;;;;;;;;;;
Sérgio Lopes;Brett;Petter V.;Ciclo dos Demónios;2;;A Lança  do Deserto;_9789895577156;Portuguese;Paperback;;;;;;;;;;;;;;;;;;
Sérgio Lopes;Brett;Petter V.;Ciclo dos Demónios;3;;A Guerra Diurna;_9789892324494;Portuguese;Paperback;;;;;;;;;;;;;;;;;;
Sérgio Lopes;Brett;Petter V.;;;;O Grande Bazar e outras histórias;_9789892331362;Portuguese;Paperback;;;;;;;;;;;;;;;;;;
Sérgio Lopes;Brett;Petter V.;;;;O Trono dos Crânios;_9789892334516;Portuguese;Paperback;;;;;;;;;;;;;;;;;;
Sérgio Lopes;Brett;Petter V.;;;;O Núcleo;_9789892342214;Portuguese;Paperback;;;;;English;;;;;;;;;;;;;
Sérgio Lopes;Brett;Petter V.;;;;O Príncipe do Deserto;_9789892355122;Portuguese;Paperback;;;ASA II;2022;English;1;;;;;;;;;;;;
Miguel Grilo;Bright;Rachel;;;Children's Books;O Lobo Que Encontrou a Amizade;_9789722365567;Portuguese;Hardcover;Field, Jim;;;;;;;;;;;;;;;;;
Miguel Grilo;Bright;Rachel;;;Children's Books;Os Pandas Que Prometeram;_9789722372466;Portuguese;Hardcover;Field, Jim;;Presença;2023;English;3;;;;;;;;;;;;
Sérgio Lopes;Briggs;Patricia;;;;Vínculo de Sangue;_9789896373009;Portuguese;Paperback;;;;;;;;;;;;;;;;;;
Sérgio Lopes;Broadbent;Carissa;;;;A Serpente e as Asas da Noite;_9789897247170;Portuguese;Paperback;;;Clube do Autor;2024;English;;;;;;;;;;;;;
Sérgio Lopes;Brooks;Terry;The Shannara Chronicles;;;The Elfstones of Shannara;_9781101886052;English;Paperback;;;;;;;;;;;;;;;;;;
Sérgio Lopes;Brown;Sandra;;;;Blind Tiger;_9781538751978;English;Paperback;;;;;;;;;;;;;;;;;;
Sérgio Lopes;Bryson;Philip;;;;Miserável Mundo Novo;_9789897843426;Portuguese;Paperback;;;Penguin Random House;2023;English;;;;;;;;;;;;;
Sérgio Lopes;Callender;Kacen;;;;Infinity Alchemist;_9780571383832;English;Paperback;;;Faber & Faber Ltd;2024;;;;;;;;;;;;;;
Sérgio Lopes;Camões;Luís de;;;;Os Lusíadas;_9725680006350728;Portuguese;Paperback;;;;;;;;;;;;;;;;;;
Sérgio Lopes;Campbell;Ramsey;;;;Solomon Kane;_9781848567269;English;Paperback;;;Titan Books;2010;;1;;;;;;;;;;;;
Sérgio Lopes;Card;Orson Scott;Ender;1;;Ender's Game;_9780356500843;English;Paperback;;;;;;;;;;;;;;;;;;
Sérgio Lopes;Card;Orson Scott;Ender;2;;Speaker for the Dead;_9780356501857;English;Paperback;;;;;;;;;;;;;;;;;;
Sérgio Lopes;Card;Orson Scott;Ender;3;;Xenocide;_9780356501864;English;Paperback;;;;;;;;;;;;;;;;;;
Sérgio Lopes;Card;Orson Scott;Ender;4;;Children of the Mind;_9780356501871;English;Paperback;;;;;;;;;;;;;;;;;;
Sérgio Lopes;Card;Orson Scott;;;;Ender in Exile;_9781841492278;English;Paperback;;;;;;;;;;;;;;;;;;
Sérgio Lopes;Carew;Leo;;;;The Wolf;_9781472247025;English;Paperback;;;;;;;;;;;;;;;;;;
Sérgio Lopes;Carvalho;Nuno;;;;As Cicatrizes do Tempo;_9789897735837;Portuguese;Paperback;;;;;;;;;;;;;;;;;;
Sérgio Lopes;Carvalho;Sandra;Crónicas da Terra e do Mar;1;;O Olhar do Açor;_9789722353212;Portuguese;Paperback;;;;;;;;;;;;;;;;;;
Sérgio Lopes;Carvalho;Sandra;A Saga das Pedras Mágicas;;;A Última Feiticeira;_9789722333450;Portuguese;Paperback;;;;;;;;;;;;;;;;;;
Sérgio Lopes;Carré;John le;;;;A Legacy of Spies;;;;;;;;;;;;;;;;;;;;;
Sérgio Lopes;Caseiro;Natália;;;;Os Devoradores de Livros;_9728393172;Portuguese;Paperback;;;;;;;;;;;;;;;;;;
Sérgio Lopes;Chainani;Soman;The School for Good and Evil;1;;Rise of the School for Good and Evil;_9780008508029;English;Paperback;;;HarperCollins Publishing;2022;;;;;;;;;;;;;;
Sérgio Lopes;Cheek;John B.;;;;Bragg For Hire;_9781735213514;English;Paperback;;;;;;;;;;;;;;;;;;
Sérgio Lopes;Child;Lee;Jack Reacher;27;;No Plan B;_9781984818546;English;Hardcover;Child, Andrew;;Delacorte Press - Random House;2022;;;;;;;;;;;;;;
Sérgio Lopes;Child;Lee;Jack Reacher;;;Reacher: Bad Luck and Trouble;_9780593725498;English;Paperback;;;Random House Books;2023;;;;;;;;;;;;;;
Sérgio Lopes;Christopher;John;;;;Return to Earth;_9780194216838;English;Paperback;;;;;;;;;;;;;;;;;;
Sérgio Lopes;Christie;Agatha;;;;Um Crime No Expresso do Oriente;_9789892340692;;;;;;;;;;;;;;;;;;;;
Sérgio Lopes;Chugong;;;1;Manga;Solo Leveling;_9789722369848;Portuguese;Paperback;Dubu;;Presença;;Japanese;;;;;;;;;;;;;
Sérgio Lopes;Chugong;;;2;Manga;Solo Leveling;;Portuguese;Paperback;Dubu;;Presença;;Japanese;;;;;;;;;;;;;
Sérgio Lopes;Chugong;;;3;Manga;Solo Leveling;;Portuguese;Paperback;Dubu;;Presença;;Japanese;;;;;;;;;;;;;
Sérgio Lopes;Chugong;;;4;Manga;Solo Leveling;;Portuguese;Paperback;Dubu;;Presença;;Japanese;;;;;;;;;;;;;
Sérgio Lopes;Chugong;;;5;Manga;Solo Leveling;;Portuguese;Paperback;Dubu;;Presença;;Japanese;;;;;;;;;;;;;
Sérgio Lopes;Chugong;;;6;Manga;Solo Leveling;_9789722372572;Portuguese;Paperback;Dubu;;Presença;;Japanese;;;;;;;;;;;;;
Sérgio Lopes;Chugong;;;7;Manga;Solo Leveling;_9789722373296;Portuguese;Paperback;Dubu;;Presença;2024;Japanese;;;;;;;;;;;;;
Sérgio Lopes;Chugong;;;8;Manga;Solo Leveling;_9789722374033;Portuguese;Paperback;Dubu;;Presença;2024;Japanese;;;;;;;;;;;;;
Sérgio Lopes;Chugong;;;9;Manga;Solo Leveling;_9789722374774;Portuguese;Paperback;Dubu;;Presença;2024;Japanese;;;;;;;;;;;;;
Sérgio Lopes;Chugong;;;10;Manga;Solo Leveling;_9789722375306;Portuguese;Paperback;Dubu;;Presença;2024;Japanese;;;;;;;;;;;;;
Sérgio Lopes;Chugong;;;12;Manga;Solo Leveling;_9789722376310;Portuguese;Paperback;Dubu;;Presença;2025;Japanese;;;;;;;;;;;;;
Sérgio Lopes;Clare;Cassandra;Shadowhunters;;;The Lost Book of The White;_9781471162121;English;Paperback;;;;;;;;;;;;;;;;;;
Sérgio Lopes;Clare;Cassandra;;;;Sword Catcher;_9781529001402;English;Paperback;;;;;;;;;;;;;;;;;;
Sérgio Lopes;Clarke;Artur C.;;2;;Rama II;_9789897735462;Portuguese;Paperback;Lee, Gentry;Lançado em 2 partes;Saída de Emergência;2024;English;;;;;;;;;;;;;
Sérgio Lopes;Clarke;Artur C.;;;;2010 Odisseia 2;_9789897734472;Portuguese;Paperback;;;Saída de Emergência;2022;English;;;;;;;;;;;;;
Sérgio Lopes;Clarke;Artur C.;;;;O Fim da Infância;_9789892355108;Portuguese;Paperback;;;ASA II;2022;English;;;;;;;;;;;;;
Sérgio Lopes;Clarke;Artur C.;;1;;Rendez-vous com Rama;_9789897735011;Portuguese;Paperback;;;Saída de Emergência;2023;English;1;;;;;;;;;;;;
Sérgio Lopes;Cline;Ernest;;;;Ready Player Two;_9781784758028;English;Paperback;;;Penguin Random House;;;;;;;;;;;;;;;
Sérgio Lopes;Cline;Ernest;;;;Ready Player One;_9789722368230;English;Paperback;;Duplicado;;;;;;;;;;;;;;;;
Sérgio Lopes;Coelho;Paulo;;;;O Zahir;_9789727116795;Portuguese;Paperback;;;;;;;;;;;;;;;;;;
Sérgio Lopes;Coelho;Paulo;;;;A Morte - Matada, Morrida, Sofrida;_9789899861220;Portuguese;Paperback;;;;;;;;;;;;;;;;;;
Sérgio Lopes;Coelho;Paulo;;;;O Diário de um Mago;_9789722527965;Portuguese;Paperback;;;;;;;;;;;;;;;;;;
Sérgio Lopes;Condie;Ally;;;;Atlantia;_9780141352930;English;Paperback;;;;;;;;;;;;;;;;;;
Sérgio Lopes;Conrad;Joseph;;;;Lord Jim;_9780007449859;English;Paperback;;;;;;;;;;;;;;;;;;
Sérgio Lopes;Córdoba;Martín Casariego;;;;E Dizer-te uma Estupidez Qualquer, por exemplo, Amo-te;_9789722014579;Portuguese;Paperback;;;;;;;;;;;;;;;;;;
Sérgio Lopes;Cornwell;Bernard;;;;Shapes's Fury;_9780007899715;English;Paperback;;;Harper;;;;;;;;;;;;;;;
Sérgio Lopes;Cornwell;Bernard;;;;Stonehenge;_9789727312382;Portuguese;Paperback;;;;;;;;;;;;;;;;;;
Sérgio Lopes;Cussler;Clive;;;;O Navegador;_9789897731507;Portuguese;Paperback;;;;;;;;;;;;;;;;;;
Sérgio Lopes;DeMarco;Tom;;;;Peopleware, Productive Projects and Teams;_9780321934116;English;Paperback;Lister, Timothy;;Addison -Wesley;2013;;3;;;;;;;;;;;;
Sérgio Lopes;Denning;Troy;A Master Chief Story;;;Shadows of Reach;_9781789096330;English;Paperback;;;Titan Books;2020;;1;;;;;;;;;;;;
Sérgio Lopes;Denning;Troy;A Master Chief Story;;Sci-fi;Halo: Silent Storm;_9781789090413;English;Paperback;;;Titan Books;2018;;1;;;;;;;;;;;;
Sérgio Lopes;Dias;Ricardo C.;;;;O Despertar do Caos;_9789897735912;Portuguese;Paperback;;;;;;;;;;;;;;;;;;
Sérgio Lopes;Doyle;Sir Arthur Conan;;;;The Lost World & Other Stories;_9781853262456;English;Paperback;;;;;;;;;;;;;;;;;;
Sérgio Lopes;Doyle;Sir Arthur Conan;;;;The Complete Illustrated Short Stories, Sherlock Holmes;_9780753709122;English;Hardcover;;;;;;;;;;;;;;;;;;
Sérgio Lopes;Dumas;Alexandre;;;;Os Três Mosqueteiros;;Portuguese;Paperback;;;;;;;;;;;;;;;;;;
Sérgio Lopes;Duckworth;Michael;;;;Voodoo Island;;English;Paperback;;;;;;;;;;;;;;;;;;
Sérgio Lopes;Ende;Michael;;;;A História Interminável;_9789722368755;English;Paperback;;;;;;;;;;;;;;;;;;
Sérgio Lopes;Erikson;Steven;Saga do Império Malazano;1;Fantasy;Jardins da Lua;_9789896376277;Portuguese;Paperback;;;;;;;;;;;;;;;;;;
Sérgio Lopes;Faber;Adele;;;Non fiction;Como Falar para as Crianças Ouvirem e Ouvir para as Crianças Falarem;_9789899154073;Portuguese;Paperback;Mazelish, Elaine;;Alma Livros;2022;;2;;;;;;;;;;;;
Sérgio Lopes;Faria;Filipe;Crónicas de Allaryia;1;Fantasy;A Manopla de Karasthan;_9789722366298;Portuguese;Paperback;;;Editorial Presença;2020;;5;;;;;;;;;;;;
Sérgio Lopes;Faria;Filipe;Crónicas de Allaryia;2;Fantasy;Os Filhos do Flagelo;_9789722329644;Portuguese;Paperback;;;Editorial Presença;2024;;3;;;;;;;;;;;;
Sérgio Lopes;Faria;Filipe;Crónicas de Allaryia;3;Fantasy;Marés Negras;_9789722331221;Portuguese;Paperback;;;;;;;;;;;;;;;;;;
Sérgio Lopes;Faria;Filipe;Crónicas de Allaryia;4;Fantasy;A Essência da Lâmina;_9789722333634;Portuguese;Paperback;;;Editorial Presença;2005;;2;;;;;;;;;;;;
Sérgio Lopes;Faria;Filipe;Crónicas de Allaryia;5;Fantasy;Vagas de Fogo;_9789722337366;Portuguese;Paperback;;;;;;;;;;;;;;;;;;
Sérgio Lopes;Faria;Filipe;Crónicas de Allaryia;6;Fantasy;O Fado da Sombra;_9789722341370;Portuguese;Paperback;;;;;;;;;;;;;;;;;;
Sérgio Lopes;Faria;Filipe;Crónicas de Allaryia;7;Fantasy;Oblívio;_9789722344807;Portuguese;Paperback;;;;;;;;;;;;;;;;;;
Sérgio Lopes;Faria;Filipe;Crónicas de Allaryia, Ciclo II;8;Fantasy;A Oitava Era;_9789722365697;Portuguese;Paperback;;;Editorial Presença;2020;;;;;;;;;;;;;;
Sérgio Lopes;Faria;Filipe;Crónicas de Allaryia, Ciclo II;9;Fantasy;A Era da Ruína;_9789722372268;Portuguese;Paperback;;;Editorial Presença;2023;;1;;;;;;;;;;;;
Sérgio Lopes;Feist;Raymond E.;The Riftwar Saga;1;;Magician;_9780586217832;English;Paperback;;;;;;;;;;;;;;;;;;
Sérgio Lopes;Feist;Raymond E.;The Riftwar Saga;2;;Silverthorn;_9780007229420;English;Paperback;;;;;;;;;;;;;;;;;;
Sérgio Lopes;Feist;Raymond E.;The Empire Trilogy;3;;A Darkness at Sethanon;_9780007229437;English;Paperback;;;;;;;;;;;;;;;;;;
Sérgio Lopes;Feist;Raymond E.;The Empire Trilogy;1;;Daughter of the Empire;_9780586074817;English;Paperback;Wurts, Janny;;;;;;;;;;;;;;;;;
Sérgio Lopes;Feist;Raymond E.;The Empire Trilogy;2;;Servant of the Empire;_9780586203811;English;Paperback;;;;;;;;;;;;;;;;;;
Sérgio Lopes;Feist;Raymond E.;Krondor's Sons;3;;Mistress of the Empire;_9780586203798;English;Paperback;;;;;;;;;;;;;;;;;;
Sérgio Lopes;Feist;Raymond E.;Krondor's Sons;1;;Prince of the Blood;_9780007176168;English;Paperback;;;;;;;;;;;;;;;;;;
Sérgio Lopes;Feist;Raymond E.;Krondor's Sons;2;;The King's Buccaneer;_9780586203224;English;Paperback;;;;;;;;;;;;;;;;;;
Sérgio Lopes;Feist;Raymond E.;The Serpentwar Saga;1;;Shadow of a Dark Queen;_9780006480266;English;Paperback;;;;;;;;;;;;;;;;;;
Sérgio Lopes;Feist;Raymond E.;The Serpentwar Saga;2;;Rise of a Merchant Prince;_9780006497011;English;Paperback;;;;;;;;;;;;;;;;;;
Sérgio Lopes;Feist;Raymond E.;The Serpentwar Saga;3;;Rage of a Demon King;_9780006482987;English;Paperback;;;;;;;;;;;;;;;;;;
Sérgio Lopes;Feist;Raymond E.;The Serpentwar Saga;4;;Shards of a Broken Crown;_9780006483489;English;Paperback;;;;;;;;;;;;;;;;;;
Sérgio Lopes;Feist;Raymond E.;Chaoswar Saga;;;Magician's End;_9780007264803;English;Paperback;;;;;;;;;;;;;;;;;;
Sérgio Lopes;Feist;Raymond E.;;;;At the Gates of Darkness;_9780007264728;English;Paperback;;;;;;;;;;;;;;;;;;
Sérgio Lopes;Feist;Raymond E.;;;;Rides a Dread Legion;_9780007342587;English;Paperback;;;;;;;;;;;;;;;;;;
Sérgio Lopes;Feist;Raymond E.;;1;;Krondor: The Betrayal;;;;;;;;;;;;;;;;;;;;;
Sérgio Lopes;Feist;Raymond E.;The Riftwar Legacy;2;;Krondor: The assassins;_9780008311261;English;Paperback;;;;;;;;;;;;;;;;;;
Sérgio Lopes;Feist;Raymond E.;The Riftwar Legacy;3;;Krondor: Tear of the Gods;_9780008311278;English;Paperback;;;;;;;;;;;;;;;;;;
Sérgio Lopes;Feist;Raymond E.;;;;Jimmy and the Crawler;_9780008160517;English;Paperback;;;;;;;;;;;;;;;;;;
Sérgio Lopes;Fernandes;Paulo;;;;Andar à Trela;_9789896619725;Portuguese;Paperback;;;Oficina do Livro - Leya;2024;;;;;;;;;;;;;;
Sérgio Lopes;Ferreira;Vergílio;;;;Aparição;_9722502514;Portuguese;Paperback;;;;;;;;;;;;;;;;;;
Sérgio Lopes;Fisher;Catherine;;;;Incarceron;_9789720043726;Portuguese;Paperback;;;;;English;;;;;;;;;;;;;
Sérgio Lopes;Flanagan;John;O Aprendiz de Ranger;;;Tomo 1: As Ruínas de Gorlan;_9789892303215;Portuguese;Paperback;;;;;;;;;;;;;;;;;;
Sérgio Lopes;Flanagan;John;O Aprendiz de Ranger;;;Tomo 2: A Ponte em Chamas;_9789892305516;Portuguese;Paperback;;;;;;;;;;;;;;;;;;
Sérgio Lopes;Flanagan;John;O Aprendiz de Ranger;;;Tomo 3: A Terra do Gelo;_9789892307299;Portuguese;Paperback;;;;;;;;;;;;;;;;;;
Sérgio Lopes;Flanagan;John;O Aprendiz de Ranger;;;The Battle for Skandia;_9780142413401;English;Paperback;;;;;;;;;;;;;;;;;;
Sérgio Lopes;Flanagan;John;O Aprendiz de Ranger;;;The Sorcerer of the North;_9780142414293;English;Paperback;;;;;;;;;;;;;;;;;;
Sérgio Lopes;Flanagan;John;O Aprendiz de Ranger;;;The Siege of Macindaw;_9780142415245;English;Paperback;;;;;;;;;;;;;;;;;;
Sérgio Lopes;Flynn;Gillian;;;;Gone Girl;_9780553419085;English;Paperback;;;;;;;;;;;;;;;;;;
Lela Aires;Flynn;Gillian;;;;Em Parte Incerta;_9799722525572;Portuguese;Paperback;;;;;English;1;;;;;;;;;;;;
Sérgio Lopes;Fonseca;Nuno;;;;Desenvolvimento em iOS, iPhone, iPad e iPod Touch;_9789727227617;Portuguese;Paperback;;;;;;;;;;;;;;;;;;
Sérgio Lopes;Ford;Richard;Steelhaven;2;;The Shatered Crown;_9780755394074;English;Paperback;;;;;;;;;;;;;;;;;;
Sérgio Lopes;Ford;Richard;Steelhaven;1;;Herald of the Storm ;_9781472203922;English;Paperback;;;;;;;;;;;;;;;;;;
Sérgio Lopes;Ford;Richard;Steelhaven;3;;Lord of Ashes;_9780755394104;English;Paperback;;;;;;;;;;;;;;;;;;
Sérgio Lopes;Forsyth;Frederick;;;;The Kill List;_9780552169486;English;Paperback;;;;;;;;;;;;;;;;;;
Sérgio Lopes;Freeman;Brian;Jason Bourne;;;The Bourne Evolution;_9781800241091;English;Paperback;;;Head of Zeus;2020;;;;;;;;;;;;;;
Sérgio Lopes;Gaiman;Neil;;;;Cursed;_9781789091502;English;Paperback;"Anders, Charlie Jane; Carrey, M. R.; Henry, Christina";;Titan Books;2020;;;;;;;;;;;;;;
Sérgio Lopes;Gaiman;Neil;;;;Trigger Warning, Short Fictions & Disturbances;_9781472217691;English;Paperback;;;;;;;;;;;;;;;;;;
Sérgio Lopes;Gaiman;Neil;;;;Norse Mythology;_9781408891957;English;Paperback;;;;;;;;;;;;;;;;;;
Sérgio Lopes;Galbratith;Robert;;;;The Ink Black Heart;;;;;;;;;;;;;;;;;;;;;
Sérgio Lopes;Gay;Kelly;;;;Halo: Point of Light;;;;;;;;;;;;;;;;;;;;;
Sérgio Lopes;Gibson;William;;;;The Difference Engine;_9780575099401;English;Paperback;Sterling, Bruce;SF Masterworks;;;;;;;;;;;;;;;;
Sérgio Lopes;Godmasch;A. O.;;;;Retrograde, The Darkness;_9781735355511;English;Paperback;;;;;;;;;;;;;;;;;;
Sérgio Lopes;Golden;Kate;As Pedras Sagradas;;Fantasy;A Alvorada de Onyx;_9789892361000;Portuguese;Paperback;;;ASA II;2024;English;1;;;;;;;;;;;;
Sérgio Lopes;Goodkind;Terry;Saga A Espada da Verdade;1;;A Primeira Regra dos Feiticeiros, Parte I;_9789720046840;Portuguese;Paperback;;Arco 1: Darken Rahl;;;English;;;;;;;;;;;;;
Sérgio Lopes;Goodkind;Terry;Saga A Espada da Verdade;2;;A Primeira Regra dos Feiticeiros, Parte  II;_9789720046970;Portuguese;Paperback;;;;;English;;;;;;;;;;;;;
Sérgio Lopes;Goodkind;Terry;Saga A Espada da Verdade;3;;A Pedra das Lágrimas, Parte I;_9789720047489;Portuguese;Paperback;;;;;English;;;;;;;;;;;;;
Sérgio Lopes;Goodkind;Terry;Saga A Espada da Verdade;4;;A Pedra das Lágrimas, Parte II;_9789220047687;Portuguese;Paperback;;;;;English;;;;;;;;;;;;;
Sérgio Lopes;Goodkind;Terry;;5;;O Sangue da Virtude, Parte I;_9789720047922;Portuguese;Paperback;;;;;English;;;;;;;;;;;;;
Sérgio Lopes;Goodkind;Terry;;6;;O Sangue da Virtude, Parte II;;;;;;;;;;;;;;;;;;;;;
Sérgio Lopes;Goodkind;Terry;;16;;Severed Souls;_9780007510894;English;Paperback;;Arco 5: Richard and Kahlan;;;;;;;;;;;;;;;;
Sérgio Lopes;Gomes;José Pedro;;;;Os Jeitosos Continuam à Solta;_9789725685853;Portuguese;Paperback;;;;;;;;;;;;;;;;;;
Sérgio Lopes;Gordon;Roderick;;;;Tunnels;_9781905294428;English;Paperback;;;;;;;;;;;;;;;;;;
Sérgio Lopes;Gordon;Roderick;;;;Deeper;_9781905294626;English;Paperback;;;;;;;;;;;;;;;;;;
Sérgio Lopes;Green;John;;;;Turtles All The Way Down;;;;;;;;;;;;;;;;;;;;;
Sérgio Lopes;Guin;Ursula K. Le;;;;Os Despojados;_9789897730566;Portuguese;Paperback;;;Saída de Emergência;2017;English;;;;;;;;;;;;;
Sérgio Lopes;Guin;Ursula K. Le;;;;Earthsea, The First Four Books;_9780141370538;English;Paperback;;;;;;;;;;;;;;;;;;
Sérgio Lopes;Harkness;Deborah;;;;The Book of Life;_9780755384785;English;Paperback;;;;;;;;;;;;;;;;;;
Sérgio Lopes;Harris;Joanne;;;;O Reino do Fogo, O Evangelho de Loki;;Portuguese;Paperback;;;;;English;;;;;;;;;;;;;
Sérgio Lopes;Harris;Joanne;;;;Runemarks;_9781473217065;English;Paperback;;;;;;;2x;;;;;;;;;;;
Sérgio Lopes;Harris;Joanne;;;;The Gospel of Loki;_9781473202375;English;Paperback;;;;;;;;;;;;;;;;;;
Sérgio Lopes;Haskell;Jeffery H.;Grimm's War;1;Sci-fi;Against All Odds;_9798801259772;English;Paperback;;;Aethon Books;2022;;1;;;;;;;;;;;;
Sérgio Lopes;Haskell;Jeffery H.;Grimm's War;2;Sci-fi;With Grimm Resolve;_9798825379012;English;Paperback;;;Aethon Books;2022;;1;;;;;;;;;;;;
Sérgio Lopes;Haskell;Jeffery H.;Grimm's War;3;Sci-fi;One Decisive Victory;_9798835907236;English;Paperback;;;Aethon Books;2022;;1;;;;;;;;;;;;
Sérgio Lopes;Haskell;Jeffery H.;Grimm's War;4;Sci-fi;A Grimm Sacrifice;_9798849192291;English;Paperback;;;Aethon Books;2022;;1;;;;;;;;;;;;
Sérgio Lopes;Haskell;Jeffery H.;Grimm's War;5;Sci-fi;Know They Enemy;_9798388085849;English;Paperback;;;Aethon Books;2023;;1;;;;;;;;;;;;
Sérgio Lopes;Haskell;Jeffery H.;Grimm's War;6;Sci-fi;A Grimm Decision;_9798863158273;English;Paperback;;;Aethon Books;2023;;1;;;;;;;;;;;;
Sérgio Lopes;Haskell;Jeffery H.;Grimm's War;7;Sci-fi;Traditions of Courage;_9798327027671;English;Paperback;;;Aethon Books;2024;;;;;;;;;;;;;;
Sérgio Lopes;Haskin;Jennifer;Freedom Fight Triology;1;;Princess Of The Blood Mages;_9788734590270;English;Paperback;;;Haskin Originals;2019;;;;;;;;;;;;;;
Sérgio Lopes;Haskin;Jennifer;Freedom Fight Triology;2;;The Queen's Heart;_9781798131473;English;Paperback;;;Haskin Originals;2019;;;;;;;;;;;;;;
Sérgio Lopes;Haskin;Jennifer;Freedom Fight Triology;3;;The Final Rescue;_9781694389923;English;Paperback;;;Haskin Originals;2020;;;;;;;;;;;;;;
Sérgio Lopes;Hayday;Woody;;;Sci-fi;Canopy Harvest;_9781544120850;;;;;;;;;;;;;;;;;;;;
Sérgio Lopes;Heinlein;Robert A.;;;;Stranger in a Strange Land;_9780340938348;English;Paperback;;;;;;;;;;;;;;;;;;
Sérgio Lopes;Heinlein;Robert A.;;;;Starship Troopers;_9781473616110;English;Paperback;;;;;;;;;;;;;;;;;;
Sérgio Lopes;Heinlein;Robert A.;;;;The Moon is a Harsh Mistress;_9780575082410;English;Hardcover;;HC;;;;;;;;;;;;;;;;
Sérgio Lopes;Herbert;Brian;;;;Sands of Dune;_9781399606028;English;Paperback;Anderson, Keven J.;;Orion Publishing Group;2022;;;;;;;;;;;;;;
Sérgio Lopes;Herbert;Brian;;;;Tales of Dune, Expanded Edition;_9781647100698;English;Hardcover;Anderson, Keven J.;;Wordfire Press;2017;;;;;;;;;;;;;;
Sérgio Lopes;Herbert;Brian;;;;Dune, The Duke of Caladan;_9781680571776;English;Paperback;;;;;;;;;;;;;;;;;;
Sérgio Lopes;Herbert;James;;;;Haunted;_9781509807550;English;Paperback;;;Pan Books;2000;;;;;;;;;;;;;;
Sérgio Lopes;Herbert;Frank;Dune;1;;Dune;_9780441172719;English;Paperback;;;;;English;;;;;;;;;;;;;
Sérgio Lopes;Herbert;Frank;Dune;2;;Dune Messiah;_9780441172696;English;Paperback;;;;;;;;;;;;;;;;;;
Sérgio Lopes;Herbert;Frank;Dune;3;;Children of Dune;_9780441104024;English;Paperback;;;;;;;;;;;;;;;;;;
Sérgio Lopes;Hirata;Hiroshi;;;Manga;O Preço da Desonra;_9789893513224;Portuguese;Paperback;Hikiukenin, Kubidai;;A Seita;2023;Japanese;;;;;;;;;;;;;
Sérgio Lopes;Hodgson;W. H.;The Casebook of Carnacki;;;The Ghost Finder;_9781840225297;English;Paperback;;;Wordsworth;2006;;;;;;;;;;;;;;
Sérgio Lopes;Hobb;Robin;Fitz and the Fool;1;;Fool's Assassin;_9780553392913;English;Paperback;;;;;;;;;;;;;;;;;;
Sérgio Lopes;Hoffman;Paul;The Left Hand of God;1;;The Left Hand of Good;_9780141042374;English;Paperback;;;;;;;;;;;;;;;;;;
Sérgio Lopes;Hoffman;Paul;The Left Hand of God;2;;The Last Four Things;_9780718155209;English;Paperback;;;;;;;;;;;;;;;;;;
Sérgio Lopes;Hoffman;Paul;The Left Hand of God;3;;The Beating o His Wings;_9780141042404;English;Paperback;;;;;;;;;;;;;;;;;;
Miguel Grilo;Hogtun;Stephen;;;;Folhas;_9789896799748;Portuguese;Hardcover;;;;;;;;;;;;;;;;;;
Sérgio Lopes;Houck;Colleen;;;;A Maldição do Tigre;_9789720043719;Portuguese;Paperback;;;;;;;;;;;;;;;;;;
Sérgio Lopes;Howard;Robert E.;;;;Os Contos mais Épicos de Conan;_9789897733871;Portuguese;Hardcover;;;Saída de Emergência;2021;English;;;;;;;;;;;;;
Sérgio Lopes;Howey;Hugh;;;;O Silo;_9789722351409;Portuguese;Paperback;;;Editorial Presença;2013;English;;;;;;;;;;;;;
Sérgio Lopes;Hulick;Douglas;;;;Among Thieves;_9780330536202;English;Paperback;;;;;;;;;;;;;;;;;;
Sérgio Lopes;Hulick;Douglas;;;;Sworn in Steel;_9780451464477;English;Paperback;;;;;;;;;;;;;;;;;;
Sérgio Lopes;Hunt;Stephen;;;;O Reino Mais Além das Ondas;_9789896373962;Portuguese;Paperback;;;;;;;;;;;;;;;;;;
Sérgio Lopes;Iggulden;Conn;;;;Wars of the Roses, Stormbird;_9780718196349;English;Paperback;;;;;;;;;;;;;;;;;;
Sérgio Lopes;Jakubowski;Maxim;;;;Daggers Drawn;_9781789097986;English;Hardcover;"Rankin, Ian; Deaver, Jeffery; Connolly, John; …";Vários autores, rever e registar;Titan Books;2021;;;;;;;;;;;;;;
Sérgio Lopes;James;Marlon;;;;Black Leopard, Red Wolf;_9780241315583;English;Paperback;;;;;;;;;;;;;;;;;;
Sérgio Lopes;Jensen;Danielle L.;The Bridge Kingdom;1;;The Bridge Kingdom;_9780593975183;English;Paperback;;;;;;;;;;;;;;;;;;
Sérgio Lopes;Jensen;Danielle L.;The Bridge Kingdom;2;;The Traitor Queen;_9780593975213;English;Paperback;;;;;;;;;;;;;;;;;;
Sérgio Lopes;Jordan;Robert;The Wheel of Time;2;;The Great Hunt;_9780356503837;English;Paperback;;;;;;;;;;;;;;;;;;
Sérgio Lopes;Jordan;Robert;The Wheel of Time;3;;The Dragon Reborn;_9780812513714;English;Paperback;;;;;;;;;;;;;;;;;;
Sérgio Lopes;Jordan;Robert;The Wheel of Time;14;;A Memory of Light;_9780765364883;English;Paperback;Sanderson, Brandon;;;;;;;;;;;;;;;;;
Sérgio Lopes;Jordan;Robert;The Wheel of Time;1;;The Eye of the World;_9780812511819;English;Paperback;;;;;;;;;;;;;;;;;;
Sérgio Lopes;Kagawa;Julie;A Shadow of the Fox;;;Soul of the Sword;_9781335453792;English;Paperback;;;;;;;;;;;;;;;;;;
Sérgio Lopes;Karasu;Satoshi;;;;Janitors of The Late Spage Age;_9781521516218;English;Paperback;;Space Engineers;;;;;;;;;;;;;;;;
Sérgio Lopes;Karasu;Satoshi;;;;Hail Clang;_9781790884421;English;Paperback;;Space Engineers;;;;;;;;;;;;;;;;
Sérgio Lopes;Kay;Guy Gavriel;Tigana;1;;A Lâmina na Alma - Livro 1;_9789896376055;Portuguese;Paperback;;;;;English;;;;;;;;;;;;;
Sérgio Lopes;Kay;Guy Gavriel;Tigana;2;;A Voz da Vigança - Livro 2;_9789896376260;Portuguese;Paperback;;;;;English;;;;;;;;;;;;;
Sérgio Lopes;Kenyon;Sherrilyn;The League;4;;Born of Fury;_9781250061263;English;Paperback;;;;;;;;;;;;;;;;;;
Sérgio Lopes;Kenyon;Sherrilyn;The League;1;;Born of Fire;_9780749908782;English;Paperback;;;;;;;;;;;;;;;;;;
Sérgio Lopes;Kenyon;Sherrilyn;The League;3;;Born of Night;_9780749939281;English;Paperback;;;;;;;;;;;;;;;;;;
Sérgio Lopes;Kenyon;Sherrilyn;The League;2;;Born of Ice;_9780312942328;English;Paperback;;;;;;;;;;;;;;;;;;
Sérgio Lopes;Keating;Robert;;;;Vingar-se ou Morrer;;Portuguese;Paperback;;;;;;;;;;;;;;;;;;
Sérgio Lopes;King;Stephen;A Torre Negra;4;;O Feiticeiro e a Bola de Cristal;_9789722529716;Portuguese;Paperback;;;;;English;;;;;;;;;;;;;
Sérgio Lopes;King;Stephen;A Torre Negra;1;;O Pistoleiro;_97897225264563;Portuguese;Paperback;;;;;English;;;;;;;;;;;;;
Sérgio Lopes;King;Stephen;A Torre Negra;2;;A Escolha dos Três;_9789722527750;Portuguese;Paperback;;;;;English;;;;;;;;;;;;;
Sérgio Lopes;King;Stephen;A Torre Negra;3;;As Terras Desvastadas;_9789722528863;Portuguese;Paperback;;;;;English;;;;;;;;;;;;;
Sérgio Lopes;King;Stephen;A Torre Negra;5;;Lobos de Calla;_9789722529914;Portuguese;Paperback;;;;;English;;;;;;;;;;;;;
Sérgio Lopes;King;Stephen;;;;Os Olhos do Dragão;_9789722541183;Portuguese;Paperback;;;Bertrand Editora;2023;English;;;;;;;;;;;;;
Sérgio Lopes;King;Stephen;;;;Fairy Tale;_9781399717779;English;Paperback;;;Hodder;2023;;;;;;;;;;;;;;
Sérgio Lopes;Kristoff;Jay;;;;Empire of the Vampire;_9780008350451;English;Paperback;;;;;;;;;;;;;;;;;;
Sérgio Lopes;Kuang;R. F.;;;;The Dragon Republic;_9780008239893;English;Paperback;;;;;Chinese;;;;;;;;;;;;;
Sérgio Lopes;Kuang;R. F.;;;;The Burning God;_9780008339180;English;Paperback;;;;;Chinese;;;;;;;;;;;;;
Sérgio Lopes;Kuang;R. F.;;;;The Poppy War;_9780008239848;English;Paperback;;;;;Chinese;;;;;;;;;;;;;
Sérgio Lopes;Kuang;R. F.;;;;Babel;_9780008501853;English;Paperback;;;Harper Voyager;2022;Chinese;;;;;;;;;;;;;
Sérgio Lopes;Kurata;Minoji;Assassin's Creed;2;Manga;Blade of Shao Jun;_9781974721245;English;Paperback;;Número 2, total desconhecido;VIZ Media;2020;;;;;;;;;;;;;;
Sérgio Lopes;Kyme;Nick;;;;Tales of Heresy;_9781849708180;English;Paperback;Priestley, Lindsey;;;;;;;;;;;;;;;;;
Sérgio Lopes;Lafferty;Mur;Minecraft;;;O Mundo Perdido;_9789896685430;Portuguese;Hardcover;;;;;;;;;;;;;;;;;;
Sérgio Lopes;Lawrence;Mark;Triologia dos Espinhos;1;;O Príncipe dos Espinhos;_9789898839664;Portuguese;Paperback;;;;;English;;;;;;;;;;;;;
Sérgio Lopes;Lawrence;Mark;Triologia dos Espinhos;2;;Rei dos Espinhos;_9789898849502;Portuguese;Paperback;;;;;English;;;;;;;;;;;;;
Sérgio Lopes;Lawrence;Mark;Triologia dos Espinhos;3;;Imperador dos Espinhos;_9789898855046;Portuguese;Paperback;;;;;English;;;;;;;;;;;;;
Sérgio Lopes;Lee;Fonda;Saga dos Ossos Verdes;1;Fantasy;Cidade de Jade;_9789895626458;Portuguese;Paperback;;;Kathartika;2025;Chinese;1;;;;;;;;;;;;
Sérgio Lopes;Lem;Stanislaw;;;;Solaris;_9789726083962;Portuguese;Paperback;;;Antígona;2023;Polish;;;;;;;;;;;;;
Sérgio Lopes;Lem;Stanislaw;;;;Invencível;_9789897735301;Portuguese;Paperback;;;Saída de Emergência;2023;Polish;;;;;;;;;;;;;
Sérgio Lopes;Levine;Joshua;;;;Dunkirk;_9780008227876;English;Paperback;;;;;;;;;;;;;;;;;;
Miguel Grilo;Lionni;Leo;;;;Nadadorzinho;_9789728781590;Portuguese;Hardcover;;;;;;;;;;;;;;;;;;
Sérgio Lopes;London;Jack;;;;The Sea Wolf;_9781472907240;English;Paperback;;;;;;;;;;;;;;;;;;
Miguel Grilo;Ludo Studio Pty Lda;;;;Children's Books;O Xilofone Mágico;_9789897871235;Portuguese;Hardcover;;Interativo, com som;Penguin Random House;2023;English;1;;;;;;;;;;;;
Sérgio Lopes;Maas;Sarah J.;;1;;Throne of Glass;_9781408832332;English;Paperback;;;;;;;;;;;;;;;;;;
Sérgio Lopes;Maas;Sarah J.;;2;;The Crown of Midnight;_9781408834947;English;Paperback;;;;;;;;;;;;;;;;;;
Sérgio Lopes;Maas;Sarah J.;Throne of Glass;3;;Heir of fire;_9781408839126;English;Paperback;;;;;;;;;;;;;;;;;;
Sérgio Lopes;Maas;Sarah J.;;4;;Queen of Shadows;_9781408858615;English;Paperback;;;;;;;;;;;;;;;;;;
Sérgio Lopes;Maas;Sarah J.;;5;;The Assassin's Blade;_9781408851982;English;Paperback;;;;;;;;;;;;;;;;;;
Sérgio Lopes;Maas;Sarah J.;;;;Empire of Storms;_9781408872895;English;Paperback;;;;;;;;;;;;;;;;;;
Sérgio Lopes;Maas;Sarah J.;;;;Tower Of Dawn;_9781408887974;English;Paperback;;;;;;;;;;;;;;;;;;
Sérgio Lopes;Maas;Sarah J.;Crescent City;2;;House of Sky and Breath;_9781526628220;English;Paperback;;;Bloomsbury Publishing;2023;;;;;;;;;;;;;;
Sérgio Lopes;MacDonald;S. J.;Fourth Fleet Irregulars;8;;Assegai;_9781723409318;English;Paperback;;;;2018;;;;;;;;;;;;;;
Sérgio Lopes;MacDonald;S. J.;Fourth Fleet Irregulars;9;;Venturi;_9781090283122;English;Paperback;;;;;;;;;x2;;;;;;;;;
Sérgio Lopes;MacDonald;S. J.;Fourth Fleet Irregulars;10;;Libris Cartash;_9781711196206;English;Paperback;;;;;;;;;;;;;;;;;;
Sérgio Lopes;Macedo;Maria Francisca;Crónicas de ENIGMA;1;;Os Inúteis;;;;;;;;;;;;;;;;;;;;;
Sérgio Lopes;Macedo;Maria Francisca;Crónicas de ENIGMA;2;;A Desordem;;;;;;;;;;;;;;;;;;;;;
Sérgio Lopes;Mack;David;;;;Star Trek Seekers;_9781476753096;English;Paperback;;;;;;;;;;;;;;;;;;
Sérgio Lopes;Magalhães;Ana Maria;;1;;Uma Aventura na Cidade;_9722100009;Portuguese;Paperback;Alçada, Isabel;;;;;;;;;;;;;;;;;
Sérgio Lopes;Magalhães;Ana Maria;;2;;Uma Aventura nas Férias do Natal;_9722100017;Portuguese;Paperback;Alçada, Isabel;;;;;;;;;;;;;;;;;
Sérgio Lopes;Magalhães;Ana Maria;;3;;Uma Aventura na Falésia;_9722100025;Portuguese;Paperback;Alçada, Isabel;;;;;;;;;;;;;;;;;
Sérgio Lopes;Magalhães;Ana Maria;;10;;Uma Aventura em Evoramonte;_9722100092;Portuguese;Paperback;Alçada, Isabel;;;;;;;;;;;;;;;;;
Sérgio Lopes;Magalhães;Ana Maria;;11;;Uma Aventura na Mina;_9722100106;Portuguese;Paperback;Alçada, Isabel;;;;;;;;;;;;;;;;;
Sérgio Lopes;Magalhães;Ana Maria;;15;;Uma Aventura na Terra e no Mar;_9722100149;Portuguese;Paperback;Alçada, Isabel;;;;;;;;;;;;;;;;;
Sérgio Lopes;Magalhães;Ana Maria;;31;;Uma Aventura na Serra da Estrela;_9722108379;Portuguese;Paperback;Alçada, Isabel;;;;;;;;;;;;;;;;;
Sérgio Lopes;Magalhães;Ana Maria;;32;;Uma  Aventura nos Açores;;Portuguese;Paperback;Alçada, Isabel;;;;;;;;;;;;;;;;;
Sérgio Lopes;Magalhães;Ana Maria;;35;;Uma Aventura em Macau;_9722110004;Portuguese;Paperback;Alçada, Isabel;;;;;2;;;;;;;;;;;;
Sérgio Lopes;Magalhães;Fernando Lima;;;;Como Ser Feliz;_9789899087163;Portuguese;Paperback;;;;;;;;;;;;;;;;;;
Sérgio Lopes;Mandel;Emily St. John;;;;Mar de Tranquilidade;_9789722369442;Portuguese;Paperback;;;Editorial Presença;2022;English;;;;;;;;;;;;;
Sérgio Lopes;Markl;Nuno;;;Comedy;O Home  que Mordeu o Cão;_9789724722678;Portuguese;Paperback;;;;;;;;;;;;;;;;;;
Sérgio Lopes;Martin;George R. R.;;;;Songs of the Dying Earth;_9780765360618;English;Paperback;;;;;;;;;;;;;;;;;;
Sérgio Lopes;Martin;George R. R.;Crónicas de Gelo e Fogo;1;;A Guerra dos Tronos;_9789896370107;Portuguese;Paperback;;;;;English;;;;;;;;;;;;;
Sérgio Lopes;Martin;George R. R.;Crónicas de Gelo e Fogo;2;;A Muralha de Gelo;_9789896370206;Portuguese;Paperback;;;;;English;;;;;;;;;;;;;
Sérgio Lopes;Martin;George R. R.;Crónicas de Gelo e Fogo;3;;A Fúria dos Reis;_9789897731853;Portuguese;Hardcover;;;;;English;;;;;;;;;;;;;
Sérgio Lopes;Martin;George R. R.;;2;;A Clash of Kings;;;;;;;;;;;;;;;;;;;;;
Sérgio Lopes;Martin;George R. R.;;;;Nada Enfurece Mais uma Mulher, e Outros Contos de Mulheres Perigosas;_9789897731174;Portuguese;Paperback;Dozois, Gardner;;Saída de Emergência;2020;;;;;;;;;;;;;;
Sérgio Lopes;Martins;Nuno Pinto;;;Non fiction;Educar Pela Positiva: Um Guia para Pais e Educadores;_9789722537797;Portuguese;Paperback;;;Bertrand Editora;2022;;2;;;;;;;;;;;;
Sérgio Lopes;Maryson;W. J.;;1;;O Não-Mago, as Torres de Romander;_9789723828405;Portuguese;Paperback;;;;;;;;;;;;;;;;;;
Sérgio Lopes;Matheson;Richard;;;;Sou uma Lenda;_9789897834158;Portuguese;Paperback;;;;;English;;;;;;;;;;;;;
Sérgio Lopes;Mccaffrey;Anne;Os Cavaleiros de Pern;1;;O Voo do Dragão;_9789895573783;Portuguese;Paperback;;;;;English;;;;;;;;;;;;;
Sérgio Lopes;Mccaffrey;Anne;Os Cavaleiros de Pern;2;;A Demanda do Dragão;_9789895574131;Portuguese;Paperback;;;;;English;;;;;;;;;;;;;
Sérgio Lopes;Mccaffrey;Anne;Os Cavaleiros de Pern;3;;O Dragão Branco;_9789895575503;Portuguese;Paperback;;;;;English;;;;;;;;;;;;;
Sérgio Lopes;Melo;João de;;;;O Homem Suspenso;_9724214486;Portuguese;Hardcover;;;;;;;;;;;;;;;;;;
Sérgio Lopes;Mendoza;C.;;;;Pedras na Tumba;;Portuguese;Paperback;;;;;;;;;;;;;;;;;;
Sérgio Lopes;Melville;Herman;;;;Moby Dick;_9780007925568;English;Paperback;;;;;;;;;;;;;;;;;;
Sérgio Lopes;Meyer;Marissa;;1;;Renegades;;;;;;;;;;;;;;;;;;;;;
Sérgio Lopes;Meyer;Stephenie;;;;Twilight;_9781905654376;English;Paperback;;;;;;;;;;;;;;;;;;
Sérgio Lopes;Meyer;Stephenie;;;;New Moon;_9781905654710;English;Paperback;;;;;;;;;;;;;;;;;;
Sérgio Lopes;Miller;Arthur;;;;The Classic Plays (Death of a Salesman, The Crucible, All My Sons, A View From The Bridge);_9780141981611;English;Hardcover;;;;;;;;;;;;;;;;;;
Sérgio Lopes;Miller;Madeline;;;;Circle;_9781526610140;English;Paperback;;;Bloomsbury Publishing;2019;;;;;;;;;;;;;;
Sérgio Lopes;Miranda;Emílio;;;;Linhagem de Bravos;_9789897542244;Portuguese;Paperback;;;;;;;;;;;;;;;;;;
Sérgio Lopes;Moning;Karen Marie;;;;Highlander, Para Além das Brumas;_9789896374075;Portuguese;Paperback;;;;;English;;;;;;;;;;;;;
Sérgio Lopes;Murakami;Haruki;;;;1Q84;_9780099578079;English;Paperback;;;;;;;;;;;;;;;;;;
Sérgio Lopes;Murakami;Haruki;;;;Kafra à beira-mar;_9789896603151;Portuguese;Paperback;;;;;Japanese;;;;;;;;;;;;;
Sérgio Lopes;Murakami;Haruki;;;;A Wild Sheep Chase;_9781784878771;English;Hardcover;;;Penguin Random House;2023;Japanese;;;;;;;;;;;;;
Sérgio Lopes;Neighbors;Toby;Order of Scion;1;;Latent Prowess;_9781952260735;English;Paperback;;;Mythic Adventure Publishing;2024;;;;;;;;;;;;;;
Sérgio Lopes;Nesb0;Jo;;;Crime;O Homem do Ciúme;_9789722075695;Portuguese;Paperback;;;D. Quixote;2021;;;;;;;;;;;;;;
Sérgio Lopes;Ness;Patrick;Chaos Walking;1;;The Knife of Never Letting Go;;English;Paperback;;;;;;;;;;;;;;;;;;
Sérgio Lopes;Ness;Patrick;Chaos Walking;2;;The Ask and the Answer;;English;Paperback;;;;;;;;;;;;;;;;;;
Sérgio Lopes;Ness;Patrick;Chaos Walking;3;;Monsters of Men;;English;Paperback;;;;;;;;;;;;;;;;;;
Sérgio Lopes;Newman;Kim;;;;Anno Dracula;;;;;;;;;;;;;;;;;;;;;
Sérgio Lopes;Nilton;;;;Comedy;As Teorias do Nilton;_9789724726231;Portuguese;Paperback;;;;;;;;;;;;;;;;;;
Sérgio Lopes;Ohba;Tsugumi;;1;Manga;Platinum End;_9789895593705;Portuguese;Paperback;Obata, Takeshi;;;;Japanese;;;;;;;;;;;;;
Sérgio Lopes;Ohba;Tsugumi;;2;Manga;Platinum End;_9789895593712;Portuguese;Paperback;Obata, Takeshi;;;;Japanese;;;;;;;;;;;;;
Sérgio Lopes;Ohba;Tsugumi;;3;Manga;Platinum End;_9789895593729;;Paperback;Obata, Takeshi;;;;Japanese;;;;;;;;;;;;;
Sérgio Lopes;Ohba;Tsugumi;;1;Manga;Death Note, Black Edition;_9789895594788;;Paperback;Obata, Takeshi;;;;Japanese;;;;;;;;;;;;;
Sérgio Lopes;Paolini;Christopher;;;;Herança;_9789895579129;Portuguese;Paperback;;;;;English;;;;;;;;;;;;;
Sérgio Lopes;Paolini;Christopher;World of Eragon;;;Murtagh;_9780593650868;English;Hardcover;;;Penguin Random House;2023;;;;;;;;;;;;;;
Sérgio Lopes;Paolini;Christopher;;;;To Sleep in a Sea of Stars;_9781250790507;English;Paperback;;;;;;;;;;;;;;;;;;
Sérgio Lopes;Paolini;Christopher;Histórias de Alagaësia;;Fantasy;O Garfo, a Bruxa e o Dragão;_9789892344119;Portuguese;Paperback;;;;;English;;;;;;;;;;;;;
Miguel Grilo;Patschke;Steven;;;;Não Olhes! Não Mexas!;_9789897871696;Portuguese;Hardcover;Garrigue, Roland;;Penguin Random House;2021;English;;;;;;;;;;;;;
Sérgio Lopes;Peña;Matt de La;;;;Super-Homem, o Fim da  Aurora;_9789898917898;Portuguese;Paperback;;;;;;;;;;;;;;;;;;
Sérgio Lopes;Pires;Ivo;;1;Sci-fi;Morte à Primeira Vista;_9789897735721;Portuguese;Paperback;;;Saída de Emergência;2024;;;;;;;;;;;;;;
Sérgio Lopes;Pratchett;Terry;The Long Earth;1;;The Long Earth;_9780552167239;English;Paperback;;;;;;;;;;;;;;;;;;
Sérgio Lopes;Pratchett;Terry;The Long Earth;2;;The Long War;_9780552164092;English;Paperback;;;;;;;;;;;;;;;;;;
Sérgio Lopes;Pratchett;Terry;The Long Earth;3;;The Long Mars;_9780552171403;English;Paperback;;;;;;;;;;;;;;;;;;
Sérgio Lopes;Pratchett;Terry;;;;The Long Utopia;_9780552172813;English;Paperback;;;;;;;;;;;;;;;;;;
Sérgio Lopes;Pullman;Philip;Mundos Paralelos;1;;Os Reinos do Norte;_9789722330596;Portuguese;Paperback;;;;;English;;;;;;;;;;;;;
Sérgio Lopes;Pereira;Ricardo Araújo;;;;A Boca do Inferno;_9789728955427;Portuguese;Paperback;;;;;;;;;;;;;;;;;;
Sérgio Lopes;Pereira;Ricardo Araújo;;;;Novas Crónicas da Boca do Inferno;_9789896710163;Portuguese;Paperback;;;;;;;;;;;;;;;;;;
Sérgio Lopes;Palhoto;Tiago;;;Tech, Non fiction;Desenvolvimento Ágil de Software;_9789727228249;Portuguese;Paperback;;;;;;;;;;;;;;;;;;
Sérgio Lopes;Queirós;Ricardo;;;Tech, Non fiction;Android: Desenvolvimento de Aplicações com Android Studio;_9789727228195;Portuguese;Paperback;;;;;;;;;;;;;;;;;;
Sérgio Lopes;Real;Luís Corte;;;;Reinos Bastardos;_9789897735615;Portuguese;Paperback;;;Saída de Emergência;2024;;;;;;2x;;;;;;;;
Sérgio Lopes;Reeves;Keanu;;;;The book of Elsewhere;_9781529150544;English;Paperback;Miéville, China;;Penguin Random House;2024;;;;;;;;;;;;;;
Sérgio Lopes;Rollins;James;;;;A Cidade Perdida;_9789722529303;Portuguese;Paperback;;;;;English;;;;;;;;;;;;;
Sérgio Lopes;Rollins;James;;;;The Blood Gospel;_9781409120506;English;Paperback;;;;;;;;;;;;;;;;;;
Sérgio Lopes;Rothfuss;Patrick;;;;O Medo do Homem Sábio, Parte I;_9789895578498;Portuguese;Paperback;;;;;;;;;;;;;;;;;;
Sérgio Lopes;Rothfuss;Patrick;;;;O Medo do Homem Sábio, Parte II;_9789895579259;Portuguese;Paperback;;;;;;;;;;;;;;;;;;
Sérgio Lopes;Rothfuss;Patrick;;;;O Nome do Vento;_9789895576715;Portuguese;Paperback;;;;;;;;;;;;;;;;;;
Sérgio Lopes;Roth;Veronica;;2;;Insurgent;_9780007536740;English;Paperback;;;;;;;;;;;;;;;;;;
Sérgio Lopes;Roth;Veronica;;1;;Divergent;_9780007536726;English;Paperback;;;;;;;;;;;;;;;;;;
Sérgio Lopes;Roth;Veronica;;3;;Allegiant;_9780007538027;English;Paperback;;;;;;;;;;;;;;;;;;
Sérgio Lopes;Saldanha;Nuno;;;Tech, Non fiction;RGPD, Guia para uma Auditoria de Conformidade;_9789727229055;Portuguese;Paperback;;;FCA;2019;;1;;;;;;;;;;;;
Sérgio Lopes;Sanderson;Brandon;The Stormlight Archive;1;;The Way of Kings;_9780765365279;English;Paperback;;;;;;;;;;;;;;;;;;
Sérgio Lopes;Sanderson;Brandon;The Stormlight Archive;2;;Words of Radiance;_9780765365286;English;Paperback;;;;;;;;;;;;;;;;;;
Sérgio Lopes;Sanderson;Brandon;The Stormlight Archive;3;;OathBringer - Part One;_9780575093362;English;Paperback;;;;;;;;;;;;;;;;;;
Sérgio Lopes;Sanderson;Brandon;The Stormlight Archive;3;;OathBringer - Part Two;_9780575093379;English;Paperback;;;;;;;;;;;;;;;;;;
Sérgio Lopes;Sanderson;Brandon;;;;Steelheart;_9780575104044;English;Paperback;;;Orion Publishing Group;;;;;;;;;;;;;;;
Sérgio Lopes;Sanderson;Brandon;Mistborn;1;;The Final Empire;;;;;;;;;;;;;;;;;;;;;
Sérgio Lopes;Sanderson;Brandon;Mistborn;2;;The Well of Ascension;;;;;;;;;;;;;;;;;;;;;
Sérgio Lopes;Sanderson;Brandon;Mistborn;3;;The Hero of Ages;;;;;;;;;;;;;;;;;;;;;
Sérgio Lopes;Sands;Kevin;;;;A Chave de Blackthorn;_9789722056960;Portuguese;Paperback;;;;;English;;;;;;;;;;;;;
Sérgio Lopes;Sapkowski;Andrzej;;;;A Espada do Destino;_9789897730603;Portuguese;Paperback;;;;;;;;;;;;;;;;;;
Sérgio Lopes;Sapkowski;Andrzej;;;;O Terceiro Desejo;_9789897730009;Portuguese;Paperback;;;;;;;;;;;;;;;;;;
Sérgio Lopes;Sapkowski;Andrzej;The Witcher;9;;Tempos de Tempestade;_9789897733758;Portuguese;Paperback;;;;;;;;;;;;;;;;;;
Sérgio Lopes;Schildt;Herbert;;;Tech, Non fiction;C Completo e Total, 3rd Ed;_9788534605955;Portuguese;Paperback;;;;;English;;;;;;;;;;;;;
Sérgio Lopes;Sharma;Robin;;;;Leadership Wisdom from the Monk Who Sold His Ferrari;_9780007549627;English;Paperback;;;;;;;;;;;;;;;;;;
Sérgio Lopes;Shelley;Mary;;;;O Último Homem;_9789895369409;English, Portuguese;Hardcover;;Bilíngue;Compasso dos Ventos;2022;;;;;;;;;;;;;;
Sérgio Lopes;Shreve;Craig;;;;O Samurai Africano;;;;;;;;;;;;;;;;;;;;;
Sérgio Lopes;Sidebottom;Harry;;;;The Return;_9781785769658;English;Paperback;;;Zaffre - Bonnier Book;2020;;;;;;;;;;;;;;
Sérgio Lopes;Siegel;Daniel J.;;;;Crianças Sim;_9789892345604;Portuguese;Paperback;Bryson, Tina Payne;;Lua de Papel - Leya;2019;English;;;;;;;;;;;;;
Sérgio Lopes;Silva;Daniel;;;;Retrato de uma Espia;_9789722530408;Portuguese;Paperback;;;;;;;;;;;;;;;;;;
Sérgio Lopes;Silva;José Sá;;;;Redes de Sensores Sem Fios;_9789727228300;Portuguese;Paperback;;;;;;;;;;;;;;;;;;
Sérgio Lopes;Silveira;Adam;;;;They Both Die at the End;_9781471166204;English;Paperback;;;;;;;;;;;;;;;;;;
Sérgio Lopes;Skelton;Matthew;;;;O Segredo de Endymion Spring;_9789724150758;Portuguese;Paperback;;;;;;;;;;;;;;;;;;
Sérgio Lopes;Smith;Wilbur;;;;Desert God;_9780008108335;English;Paperback;;;;;;;;;;;;;;;;;;
Sérgio Lopes;Smith;Wilbur;;;;Golden Lion;_9780062456205;English;Paperback;;;;;;;;;;;;;;;;;;
Sérgio Lopes;Sorrels;Brian J.;;;Tech, Non fiction;Beginner's Guide to Traditional Archery;_9780811731331;English;Paperback;;;;;;;;;;;;;;;;;;
Miguel Grilo;Souillé;Laurent;;;;Azuro, o dragãozinho azul;_9789722547161;Portuguese;Hardcover;"Souillé, Olivier; Fleury, Jérémie";;;;;;;;;;;;;;;;;
Sérgio Lopes;Souza;Eric M.;;;;A Balada de Antel;_9789896378103;Portuguese;Paperback;;;;;;;;;;;;;;;;;;
Sérgio Lopes;Stewart;Glynn;Castle Federation;1;Sci-fi;Space Carrier Avalon;_9781988035499;English;Paperback;;;Faolan's Pen Publishinig;2018;;;;;;;;;;;;;;
Sérgio Lopes;Stewart;Glynn;Castle Federation;2;Sci-fi;Stellar Fox;_9781988035505;English;Paperback;;;Faolan's Pen Publishinig;2018;;;;;;;;;;;;;;
Sérgio Lopes;Stewart;Glynn;Starship's Mage;1;Sci-fi;Starship's Mage;_9781988035581;English;Paperback;;;Faolan's Pen Publishinig;2028;;;;;;;;;;;;;;
Sérgio Lopes;Stewart;Glynn;Starship's Mage;2;Sci-fi;Hand of Mars;_9781988035598;English;Paperback;;;Faolan's Pen Publishinig;2018;;;;;;;;;;;;;;
Sérgio Lopes;Stoker;Bram;;;;Dracula;_9780007420087;English;Paperback;;;;;;;;;;;;;;;;;;
Sérgio Lopes;Strugatsky;Arkady;;;;Hard to Be a God;_9781473208092;English;Paperback;Strugatsky, Boris;SF Masterworks;;;;;;;;;;;;;;;;
Sérgio Lopes;Sutherland;Jeff;;;;SCRUM, A Arte de Fazer o Dobro do Trabalho em Metade do Tempo;_9789892335933;Portuguese;Paperback;Sutherland, J. J.;;Lua de Papel - Leya;2019;English;;;;;;;;;;;;;
Sérgio Lopes;Suri;Natasha;The Books of Ambha;;Fantasy;Empire of Sand;_9780316449717;English;Paperback;;;Hachette Book Group;2018;;;;;;;;;;;;;;
Sérgio Lopes;Tahir;Sabaa;;;;Heir;_9780593859858;Englisg;Paperback;;Edição Internacional;;;;;;;;;;;;;;;;
Sérgio Lopes;Thackeray;Linda;;;;Children of the White Star;_9781536821642;English;Paperback;;;Creativia;2016;;1;;;;;;;;;;;;
Sérgio Lopes;Tolkien;J. R. R.;;;Fantasy;A Queda de Númernor;_9789897779541;English;Paperback;;;Planeta de Livros;2024;English;1;;;;;;;;;;;;
Sérgio Lopes;Tournier;Michel;;;;Sexta-feira ou a Vida Selvagem;_9722315706;Portuguese;Paperback;;;;;;;;;;;;;;;;;;
Sérgio Lopes;Turton;Stuart;;;;The Seven Deaths of Evelyn Hardcastle;_9781408889510;English;Paperback;;;Bloomsbury Publishing;2018;;1;;;;;;;;;;;;
Sérgio Lopes;Tzu;Sun;;;;A Arte da Guerra;_9789895613144;Portuguese;Paperback;;;;;;;;;;;;;;;;;;
Sérgio Lopes;Valente;Catheryinne M.;Minecraft;;;O Fim;_9789895642366;Portuguese;Hardcover;;;;;;;;;;;;;;;;;;
Sérgio Lopes;Vários Autores/Artistas;;;;Sci-fi;The Mammoth Book of SF 28;_9781472119995;English;Paperback;;;;2015;;1;;;;;;;;;;;;
Sérgio Lopes;Vários Autores/Artistas;;;;;Dragon Art, Inspiration, Impact & Technique i n Fantasy Art;_9781847863003;English;Hardcover;;;Flame Tree Publishing;2009;;;;;;;;;;;;;;
Sérgio Lopes;Vários Autores/Artistas;;The Definitive Anthology of Space Opera and Military SF;;Sci-fi;Infinite Stars;;English;Hardcover;;;;;;;;;;;;;;;;;;
Sérgio Lopes;Verne;Jules;;;;Twenty Thousand Leagues Under the Sea;_9781509827879;English;Hardcover;;;;;;;;;;;;;;;;;;
Sérgio Lopes;Vicente;Gil;;;;Auto da Barca do Inferno;;Portuguese;Paperback;;;;;;;;;;;;;;;;;;
Sérgio Lopes;Vince;Vernor;;;Sci-fi;A Fire Upon the Deep;_9781473211957;English;Paperback;;SF Masterworks;Orion Publishing Group;2016;;1;;;;;;;;;;;;
Sérgio Lopes;Vince;Vernor;;;;A Deepness in the Sky;_9781473211964;English;Paperback;;SF Masterworks;Orion Publishing Group;2016;;;;;;;;;;;;;;
Sérgio Lopes;Walliams;David;;;;Nome de Código: Bananas;_9789720034663;Portuguese;Hardcover;;;;;English;;;;;;;;;;;;;
Sérgio Lopes;Wells;H.G.;;;;The First Men in the Moon & A Modern Utopia;_9781840227444;English;Paperback;;;;;;;;;;;;;;;;;;
Sérgio Lopes;Wells;H.G.;;;;Kipps and The History of Mr Polly;_9781840227437;English;Paperback;;;;;;;;;;;;;;;;;;
Sérgio Lopes;Wells;H. G.;;;;A Guerra dos Mundos;_9789896762391;Portuguese;Hardcover;;;Sextante Editora - Porto Editora;2019;English;;;;;;;;;;;;;
Sérgio Lopes;Weis;Margaret;As Crónicas de Dragonlance;1;;Dragões de um Crepúsculo de Outono;_9789896374907;Portuguese;Paperback;;;;;English;;;;;;;;;;;;;
Sérgio Lopes;Weis;Margaret;Dragonlance Chronicles;1;Fantasy;Dragons of Autumn Twilight;_9780593977156;English;Hardcover;;Edição especial, comemorativa, composta por 3 livros num só;;;English;;;;;;;;;;;;;
Sérgio Lopes;Weis;Margaret;Dragonlance Chronicles;2;Fantasy;Dragons of Winter Night;_9780593977156;English;Hardcover;;Edição especial, comemorativa, composta por 3 livros num só;;;English;;;;;;;;;;;;;
Sérgio Lopes;Weis;Margaret;Dragonlance Chronicles;3;Fantasy;Dragons of Spring Dawning;_9780593977156;English;Hardcover;;Edição especial, comemorativa, composta por 3 livros num só;;;English;;;;;;;;;;;;;
Sérgio Lopes;Weisman;Greg;War of the Spark;;;Forsaken;_9781789092738;English;Paperback;;"Magic the Gathering; coleção com mais livros";;;;;;;;;;;;;;;;
Sérgio Lopes;Weir;Andy;;;;The Martian;_9781101905555;English;Paperback;;;;;;;;;;;;;;;;;;
Sérgio Lopes;Weir;Andy;;;Sci-fi;Artemis;_9789898917102;Portuguese;Paperback;;;Top Seller - 20|20 Editora;2018;English;1;;;;;;;;;;;;
Sérgio Lopes;Xiu;Mo Xiang Tong;;1;Manga;Grão-mestre do Demónio;_9789722371780;Portuguese;Paperback;Quin, Luo Di Cheng;;Presença;2024;Chinese;;;;;;;;;;;;;
Sérgio Lopes;Xiu;Mo Xiang Tong;;2;Manga;Grão-mestre do Demónio;_9789722373531;Portuguese;Paperback;Quin, Luo Di Cheng;;Presença;2024;Chinese;;;;;;;;;;;;;
Sérgio Lopes;Yarros;Rebecca;;;;Fourth Wing;_9780349437002;English;Paperback;;;Clays;2023;;;;;;;;;;;;;;
Sérgio Lopes;Yarros;Rebecca;;;;Quarta Asa;_9789897777752;Portuguese;Paperback;;Duplicado (1 em Inglês + 1 PT);;;English;;;;;;;;;;;;;
Sérgio Lopes;Zamyatin;Yevgeny;;;Sci-fi;We;_9780241458747;English;Paperback;;;;;;;;;;;;;;;;;;
Sérgio Lopes;Zurita;José F.;;;;Gosto de Fazer Amor;_9727101763;Portuguese;Paperback;;;;;;;;;;;;;;;;;;
Sérgio Lopes;;;;;;365 histórias de encantar;_9722203959160116;Portuguese;Hardcover;;;;;;;;;;;;;;;;;;
Sérgio Lopes;;;;;;O Templo do Terror;_972221232X180213;Portuguese;Paperback;;;;;;;;;;;;;;;;;;
